path,bytes,width,height,format,sha256
Store-Assets/Icons/icon-1024x1024.png,15936,1024,1024,PNG,e3eb3e3376cb611ad4cc2953666510107c46fe9e8f55c03118780d13bd8c3093
Store-Assets/Icons/icon-150x150.png,1850,150,150,PNG,d20bb65c7d196368d43f6ff0b180f50321d2203272f40c41731936c7cc7f79b6
Store-Assets/Icons/icon-192x192.png,2406,192,192,PNG,06395246f24005a1c10edb8a06a6f2329dc40698b344348f8f53b47c96e6382d
Store-Assets/Icons/icon-256x256.png,3218,256,256,PNG,8e2d14d93eda4c490358fe10262dcbb01072771238bc772dba1231ad1d1a4770
Store-Assets/Icons/icon-300x300.png,3676,300,300,PNG,da39dbd6b633bb121d4d31d949b172c1c4e5698c0df141beb4086a700dc702da
Store-Assets/Icons/icon-310x310.png,4132,310,310,PNG,587e1133a8d88d2ab128dd9c4e6153a89a177d698e62e803e98d8c308684ab52
Store-Assets/Icons/icon-44x44.png,637,44,44,PNG,1a26ef7fe0f765ed86622f64509f729f867b34699642f4057f07836cdfd61a7c
Store-Assets/Icons/icon-50x50.png,700,50,50,PNG,2464fb7af51d27c3d09705783aee7c14b793fa3314b11108f5210b7920859982
Store-Assets/Icons/icon-512x512.png,7146,512,512,PNG,535f7a15ac9bcc37c6ddb0e40f4a272ef289ea474e51d4769ab53064db9db3c1
Store-Assets/Icons/icon-71x71.png,929,71,71,PNG,324e884dbc4b4253f044b9179b6a109a75fbabffd6270611b9c3fc8de62e37e3
Store-Assets/Icons/icon-maskable-512x512.png,7045,512,512,PNG,0a93b9478cd13af3b488b8b0af0b1daca02f4530ec88704da97f923be4361a4c
Store-Assets/Icons/splash-620x300.png,12685,620,300,PNG,2e555e714e57b789d41b1f40cba1a37f57460c406f275156ff6d7ce0309dbfac
Store-Assets/Icons/wide-310x150.png,5952,310,150,PNG,26a896a81ed2b2db214940590d303a5846d07a2922280bc3da89851fce285661
Store-Assets/Logos/ManeFlow-Hero-1920x1080.png,43214,1920,1080,PNG,1c4b85f27ea0721e7616e4448850c35145cc10825c9b310091379f38c2955ba7
Store-Assets/Logos/ManeFlow-Poster-1440x2160.png,60157,1440,2160,PNG,e8699267a7e8dd4e73c554a25e53ca320280264b688f4488be2b81556be29d82
Store-Assets/Logos/ManeFlow-Store-Logo-300x300.png,3676,300,300,PNG,da39dbd6b633bb121d4d31d949b172c1c4e5698c0df141beb4086a700dc702da
Store-Assets/Screenshots/01-Scan-and-Identify.png,365385,1366,768,PNG,9da7533a1e4d4a9fd24c1add6f15112e6f65fd30738b2e256e17aa2eb678c407
Store-Assets/Screenshots/02-Batch-Intake.png,317910,1366,768,PNG,91db45051059490f59263be32ea806473c6b87c0450466a9b606b593c6b68871
Store-Assets/Screenshots/03-Multi-Card-Results.png,355007,1366,768,PNG,d22c1a2e7d7139fbb45c145fd00587c94ee50da2a7037ba0681b356bcebcb98c
Store-Assets/Screenshots/04-PSA-Verification.png,386026,1366,768,PNG,c760183ea9de156b55b8a1b7c75023d5c5f181da721be11ba1a0797fcfcf9bf4
