path,group,contains_card_content,predicted_card_content,detection_count,fallback_count,maximum_confidence,quality_score,latency_ms,outcome,notes,error
kronozio/StartEN.jpg,kronozio_reference_assets,False,False,0,0,0.0,70,52.771,true_negative,"Kronozio UI, storage, banner, or background negative.",
kronozio/StartFR.jpg,kronozio_reference_assets,False,False,0,0,0.0,70,42.216,true_negative,"Kronozio UI, storage, banner, or background negative.",
kronozio/box.jpg,kronozio_reference_assets,False,False,0,0,0.0,82,15.208,true_negative,"Kronozio UI, storage, banner, or background negative.",
kronozio/boxes.jpg,kronozio_reference_assets,False,False,0,0,0.0,82,10.536,true_negative,"Kronozio UI, storage, banner, or background negative.",
kronozio/ebaycategcode.jpg,kronozio_reference_assets,True,True,3,0,0.8992,39,48.881,true_positive,Kronozio help/sample asset containing visible card content.,
kronozio/editcards.jpg,kronozio_reference_assets,True,False,0,0,0.0,54,33.915,false_negative,Kronozio help/sample asset containing visible card content.,
kronozio/editcardszoom.jpg,kronozio_reference_assets,True,False,0,0,0.0,39,1.777,false_negative,Kronozio help/sample asset containing visible card content.,
kronozio/flatbed.jpg,kronozio_reference_assets,True,False,0,0,0.0,70,7.297,false_negative,Kronozio help/sample asset containing visible card content.,
kronozio/flatbedcards1.jpg,kronozio_reference_assets,True,True,1,0,0.8419,82,9.05,true_positive,Kronozio help/sample asset containing visible card content.,
kronozio/flatbedcards2.jpg,kronozio_reference_assets,True,True,1,0,0.7823,82,8.889,true_positive,Kronozio help/sample asset containing visible card content.,
kronozio/kz_banner_01.jpg,kronozio_reference_assets,False,False,0,0,0.0,70,4.293,true_negative,"Kronozio UI, storage, banner, or background negative.",
kronozio/kz_banner_02.jpg,kronozio_reference_assets,False,False,0,0,0.0,70,3.995,true_negative,"Kronozio UI, storage, banner, or background negative.",
kronozio/kz_banner_03.jpg,kronozio_reference_assets,False,False,0,0,0.0,82,4.26,true_negative,"Kronozio UI, storage, banner, or background negative.",
kronozio/kz_banner_04.jpg,kronozio_reference_assets,False,False,0,0,0.0,82,3.875,true_negative,"Kronozio UI, storage, banner, or background negative.",
kronozio/kz_banner_05.jpg,kronozio_reference_assets,False,False,0,0,0.0,82,4.311,true_negative,"Kronozio UI, storage, banner, or background negative.",
kronozio/kz_banner_06.jpg,kronozio_reference_assets,False,False,0,0,0.0,82,4.862,true_negative,"Kronozio UI, storage, banner, or background negative.",
kronozio/kz_banner_07.jpg,kronozio_reference_assets,False,False,0,0,0.0,82,4.931,true_negative,"Kronozio UI, storage, banner, or background negative.",
kronozio/kz_banner_08.jpg,kronozio_reference_assets,False,False,0,0,0.0,54,4.14,true_negative,"Kronozio UI, storage, banner, or background negative.",
kronozio/kz_banner_09.jpg,kronozio_reference_assets,False,False,0,0,0.0,82,5.638,true_negative,"Kronozio UI, storage, banner, or background negative.",
kronozio/kz_banner_10.jpg,kronozio_reference_assets,False,False,0,0,0.0,58,3.824,true_negative,"Kronozio UI, storage, banner, or background negative.",
kronozio/kz_banner_11.jpg,kronozio_reference_assets,False,False,0,0,0.0,52,3.446,true_negative,"Kronozio UI, storage, banner, or background negative.",
kronozio/kz_banner_12.jpg,kronozio_reference_assets,False,False,0,0,0.0,32,3.599,true_negative,"Kronozio UI, storage, banner, or background negative.",
kronozio/kz_banner_13.jpg,kronozio_reference_assets,False,False,0,0,0.0,70,4.05,true_negative,"Kronozio UI, storage, banner, or background negative.",
kronozio/kz_banner_14.jpg,kronozio_reference_assets,False,False,0,0,0.0,62,4.253,true_negative,"Kronozio UI, storage, banner, or background negative.",
kronozio/kz_banner_15.jpg,kronozio_reference_assets,False,False,0,0,0.0,62,3.899,true_negative,"Kronozio UI, storage, banner, or background negative.",
kronozio/location.png,kronozio_reference_assets,False,False,0,0,0.0,70,1.369,true_negative,"Kronozio UI, storage, banner, or background negative.",
kronozio/mappings.jpg,kronozio_reference_assets,False,False,0,0,0.0,72,29.603,true_negative,"Kronozio UI, storage, banner, or background negative.",
kronozio/onecard.jpg,kronozio_reference_assets,True,False,0,0,0.0,39,9.544,false_negative,Kronozio help/sample asset containing visible card content.,
kronozio/photoborder.png,kronozio_reference_assets,True,True,2,0,0.9183,54,15.084,true_positive,Kronozio help/sample asset containing visible card content.,
kronozio/photophoto.jpg,kronozio_reference_assets,True,True,1,0,0.7222,54,13.699,true_positive,Kronozio help/sample asset containing visible card content.,
kronozio/photoset1.jpg,kronozio_reference_assets,True,True,1,0,0.8234,82,10.537,true_positive,Kronozio help/sample asset containing visible card content.,
kronozio/photoset2.jpg,kronozio_reference_assets,True,True,2,0,0.8281,54,12.185,true_positive,Kronozio help/sample asset containing visible card content.,
kronozio/scan.png,kronozio_reference_assets,False,False,0,0,0.0,32,0.573,true_negative,"Kronozio UI, storage, banner, or background negative.",
kronozio/seeonkronozio.jpg,kronozio_reference_assets,False,False,0,0,0.0,54,0.498,true_negative,"Kronozio UI, storage, banner, or background negative.",
top/08350F93-D658-44AF-81AB-E2D7FA7F0555.jpeg,uploaded_project_images,True,True,1,0,0.7878,100,56.939,true_positive,"User/project image with visible card, slab, pack, or card image.",
top/1CCF5ED5-D69A-4D21-BF52-2FA4A10484A9.jpeg,uploaded_project_images,True,True,1,0,0.7176,100,81.591,true_positive,"User/project image with visible card, slab, pack, or card image.",
top/25886FCB-EA45-4049-9A13-B8FC163F8874.png,uploaded_project_images,False,False,0,0,0.0,68,200.529,true_negative,User/project negative scene or software screenshot without a card target.,
top/27A831A0-D54C-4201-BBDD-7F0516D29B00.jpeg,uploaded_project_images,False,False,0,0,0.0,100,76.277,true_negative,User/project negative scene or software screenshot without a card target.,
top/2EA894EB-FDD9-440D-92F0-B202541EF7F7.jpeg,uploaded_project_images,True,True,1,0,0.8703,100,75.828,true_positive,"User/project image with visible card, slab, pack, or card image.",
top/3FBA11DE-61A0-44AB-B09E-60451A91EFFB.jpeg,uploaded_project_images,True,True,1,0,0.8464,100,84.22,true_positive,"User/project image with visible card, slab, pack, or card image.",
top/4E862F10-C956-4A4B-B931-F39E59017084.jpeg,uploaded_project_images,False,False,0,0,0.0,100,59.099,true_negative,User/project negative scene or software screenshot without a card target.,
top/67C82A79-9279-4FCD-B77D-35DA2554EC9C.jpeg,uploaded_project_images,True,True,1,0,0.8617,100,73.673,true_positive,"User/project image with visible card, slab, pack, or card image.",
top/74F3E422-CC85-42B8-8A19-71C46DC98C18.jpeg,uploaded_project_images,True,True,1,0,0.7822,100,70.623,true_positive,"User/project image with visible card, slab, pack, or card image.",
top/A12FD97A-0774-4794-A56C-BAC3B3D0D362.jpeg,uploaded_project_images,True,True,1,0,0.864,88,95.454,true_positive,"User/project image with visible card, slab, pack, or card image.",
top/B7E3F2A4-6DBA-44DB-A9B5-099A8362AB57.jpeg,uploaded_project_images,True,True,1,0,0.9176,100,88.186,true_positive,"User/project image with visible card, slab, pack, or card image.",
top/BFF3D61D-57F1-4BB4-AC20-FEFAE36D8DB4.jpeg,uploaded_project_images,True,True,1,0,0.7898,100,64.651,true_positive,"User/project image with visible card, slab, pack, or card image.",
top/C5635A81-EFDC-4F21-B979-958DDCF0E57B.jpeg,uploaded_project_images,True,True,1,0,0.7582,100,53.191,true_positive,"User/project image with visible card, slab, pack, or card image.",
top/D95883E2-DB16-4CC5-A171-DDBEA0EE4649.jpeg,uploaded_project_images,False,False,0,0,0.0,100,39.893,true_negative,User/project negative scene or software screenshot without a card target.,
top/F01552E5-C396-4C1D-92EE-423878B981DC.jpeg,uploaded_project_images,True,True,1,0,0.9134,100,63.108,true_positive,"User/project image with visible card, slab, pack, or card image.",
top/IMG_2388D36B-4600-458A-9FE5-D719C4EB671A.jpeg,uploaded_project_images,False,False,0,0,0.0,100,59.342,true_negative,User/project negative scene or software screenshot without a card target.,
top/IMG_2D288009-2F3A-41A3-86F2-F8F10B96D510.jpeg,uploaded_project_images,False,False,0,0,0.0,100,65.985,true_negative,User/project negative scene or software screenshot without a card target.,
top/IMG_32A02127-646D-48BD-8028-53B4F79585FB.jpeg,uploaded_project_images,False,False,0,0,0.0,100,44.929,true_negative,User/project negative scene or software screenshot without a card target.,
top/IMG_3476(1).jpeg,uploaded_project_images,False,False,0,0,0.0,82,32.65,true_negative,User/project negative scene or software screenshot without a card target.,
top/IMG_3584.jpeg,uploaded_project_images,True,True,1,0,0.6927,100,66.049,true_positive,"User/project image with visible card, slab, pack, or card image.",
top/IMG_8B6D2CD7-A899-47A6-B116-AF80A7C67D09.jpeg,uploaded_project_images,False,False,0,0,0.0,88,64.256,true_negative,User/project negative scene or software screenshot without a card target.,
top/Screenshot 2026-06-29 at 4.45.08 AM.jpeg,uploaded_project_images,True,True,1,0,0.8475,68,24.35,true_positive,"User/project image with visible card, slab, pack, or card image.",
top/image(1).png,uploaded_project_images,False,False,0,0,0.0,54,36.56,true_negative,User/project negative scene or software screenshot without a card target.,
top/image(10).png,uploaded_project_images,False,False,0,0,0.0,72,117.564,true_negative,User/project negative scene or software screenshot without a card target.,
top/image(2).png,uploaded_project_images,False,False,0,0,0.0,39,22.624,true_negative,User/project negative scene or software screenshot without a card target.,
top/image(3).png,uploaded_project_images,False,False,0,0,0.0,57,64.553,true_negative,User/project negative scene or software screenshot without a card target.,
top/image(4).png,uploaded_project_images,False,False,0,0,0.0,57,70.688,true_negative,User/project negative scene or software screenshot without a card target.,
top/image(5).png,uploaded_project_images,False,False,0,0,0.0,57,65.835,true_negative,User/project negative scene or software screenshot without a card target.,
top/image(6).png,uploaded_project_images,False,False,0,0,0.0,57,64.073,true_negative,User/project negative scene or software screenshot without a card target.,
top/image(7).png,uploaded_project_images,False,False,0,0,0.0,57,62.27,true_negative,User/project negative scene or software screenshot without a card target.,
top/image(8).png,uploaded_project_images,False,False,0,0,0.0,80,83.53,true_negative,User/project negative scene or software screenshot without a card target.,
top/image(9).png,uploaded_project_images,False,False,0,0,0.0,57,44.363,true_negative,User/project negative scene or software screenshot without a card target.,
top/image.png,uploaded_project_images,False,False,0,0,0.0,57,71.699,true_negative,User/project negative scene or software screenshot without a card target.,
